,word1,word2,label
0,абонемент,абонент,1
1,абонент,абонемент,1
2,абстрактность,абстракция,1
3,абстракция,абстрактность,1
4,авантюрин,авантюрист,1
5,авантюрист,авантюрин,1
6,автобиографический,автобиографичный,1
7,автобиографичный,автобиографический,1
8,автоматический,автоматичный,1
9,автоматичный,автоматический,1
10,автономия,автономность,1
11,автономность,автономия,1
12,авторитарный,авторитетный,1
13,авторитетный,авторитарный,1
14,адресант,адресат,1
15,адресат,адресант,1
16,азарт,азартность,1
17,азартность,азарт,1
18,академический,академичный,1
19,академичный,академический,1
20,аккордный,аккордовый,1
21,аккордовый,аккордный,1
22,акселерат,акселератор,1
23,акселератор,акселерат,1
24,активировать,активизировать,1
25,активизировать,активировать,1
26,акулий,акуловый,1
27,акуловый,акулий,1
28,акционерный,акционерский,1
29,акционерский,акционерный,1
30,аллегорический,аллегоричный,1
31,аллегоричный,аллегорический,1
32,аллегри,аллегро,1
33,аллегро,аллегри,1
34,анархический,анархичный,1
35,анархичный,анархический,1
36,английский,англиканский,1
37,англиканский,английский,1
38,анекдотический,анекдотичный,1
39,анекдотичный,анекдотический,1
40,антагонистический,антагонистичный,1
41,антагонистичный,антагонистический,1
42,Антарктика,Арктика,1
43,Арктика,Антарктика,1
44,антипатический,антипатичный,1
45,антипатичный,антипатический,1
46,антипедагогический,антипедагогичный,1
47,антипедагогичный,антипедагогический,1
48,антрацитный,антрацитовый,1
49,антрацитовый,антрацитный,1
50,апокрифический,апокрифичный,1
51,апокрифичный,апокрифический,1
52,аргонавт,астронавт,1
53,астронавт,аргонавт,1
54,аристократический,аристократичный,1
55,аристократичный,аристократический,1
56,аритмический,аритмичный,1
57,аритмичный,аритмический,1
58,ароматический,ароматичный,1
59,ароматичный,ароматический,1
60,артельный,артельский,1
61,артельский,артельный,1
62,артистический,артистичный,1
63,артистичный,артистический,1
64,архаический,архаичный,1
65,архаичный,архаический,1
66,аспирант,аспират,1
67,аспират,аспирант,1
68,астматический,астматичный,1
69,астматичный,астматический,1
70,атавистический,атавистичный,1
71,атавистичный,атавистический,1
72,атака,контратака,1
73,контратака,атака,1
74,Атлантида,Атлантика,1
75,Атлантика,Атлантида,1
76,бабий,бабский,1
77,бабский,бабий,1
78,барский,барственный,1
79,барственный,барский,1
80,беглец,беженец,1
81,беженец,беглец,1
82,бедный,бедственный,1
83,бедственный,бедный,1
84,бедняга,бедняк,1
85,бедняк,бедняга,1
86,безвинный,невинный,1
87,невинный,безвинный,1
88,безгласный,негласный,1
89,негласный,безгласный,1
90,безголосый,безголосный,1
91,безголосный,безголосый,1
92,безграмотный,неграмотный,1
93,неграмотный,безграмотный,1
94,безграничный,неограниченный,1
95,неограниченный,безграничный,1
96,безделица,бездельница,1
97,бездельница,безделица,1
98,беззаконие,беззаконность,1
99,беззаконность,беззаконие,1
100,безликий,безличный,1
101,безличный,безликий,1
102,безответный,безответственный,1
103,безответственный,безответный,1
104,безумие,безумство,1
105,безумство,безумие,1
106,безыскусный,безыскусственный,1
107,безыскусственный,безыскусный,1
108,белеть,белить,1
109,белить,белеть,1
110,бережливость,бережность,1
111,бережность,бережливость,1
112,бесчувственность,бесчувствие,1
113,бесчувствие,бесчувственность,1
114,благодарный,благодарственный,1
115,благодарственный,благодарный,1
116,благотворительный,благотворный,1
117,благотворный,благотворительный,1
118,благоустроенность,благоустройство,1
119,благоустройство,благоустроенность,1
120,ближний,близкий,1
121,близкий,ближний,1
122,блистать,блестеть,1
123,блестеть,блистать,1
124,блудить,блуждать,1
125,блуждать,блудить,1
126,бобёр,бобр,1
127,бобр,бобёр,1
128,болезненный,болезный,1
129,болезный,болезненный,1
130,болотистый,болотный,1
131,болотный,болотистый,1
132,борзой,борзый,1
133,борзый,борзой,1
134,бородастый,бородатый,1
135,бородатый,бородастый,1
136,братний,братский,1
137,братский,братний,1
138,бродяжий,бродячий,1
139,бродячий,бродяжий,1
140,будний,будничный,1
141,будничный,будний,1
142,булавочный,булавчатый,1
143,булавчатый,булавочный,1
144,бунтарь,бунтовщик,1
145,бунтовщик,бунтарь,1
146,бур,бурав,1
147,бурав,бур,1
148,бывалый,бывший,1
149,бывший,бывалый,1
150,в общем,вообще,1
151,вообще,в общем,1
152,в одиночестве,наедине,1
153,наедине,в одиночестве,1
154,вакансия,вакация,1
155,вакация,вакансия,1
156,вакхальный,вакханальный,1
157,вакханальный,вакхальный,1
158,ванна,ванная,1
159,ванная,ванна,1
160,варение,варенье,1
161,варенье,варение,1
162,варенный,варёный,1
163,варёный,варенный,1
164,вариант,инвариант,1
165,инвариант,вариант,1
166,варкий,варочный,1
167,варочный,варкий,1
168,вассальный,вассальский,1
169,вассальский,вассальный,1
170,вафельница,вафельщица,1
171,вафельщица,вафельница,1
172,вбежать,взбежать,1
173,взбежать,вбежать,1
174,вбить,взбить,1
175,взбить,вбить,1
176,ввалить,взвалить,1
177,взвалить,ввалить,1
178,вдеть,вздеть,1
179,вздеть,вдеть,1
180,вдовий,вдовый,1
181,вдовый,вдовий,1
182,вдох,вздох,1
183,вздох,вдох,1
184,вдохнуть,вздохнуть,1
185,вздохнуть,вдохнуть,1
186,вегетативный,вегетационный,1
187,вегетационный,вегетативный,1
188,вековой,вечный,1
189,вечный,вековой,1
190,великаний,великанский,1
191,великанский,великаний,1
192,великий,величественный,1
193,величественный,великий,1
194,величие,величина,1
195,величина,величие,1
196,венерический,венерологический,1
197,венерологический,венерический,1
198,венец,венок,1
199,венок,венец,1
200,вера,доверие,1
201,доверие,вера,1
202,веселеть,веселить,1
203,веселить,веселеть,1
204,весёлый,увеселительный,1
205,увеселительный,весёлый,1
206,ветровой,ветряной,1
207,ветряной,ветровой,1
208,вечерня,вечеря,1
209,вечеря,вечерня,1
210,вешалка,вешала,1
211,вешала,вешалка,1
212,взаимопонимание,понимание,1
213,понимание,взаимопонимание,1
214,взбитый,сбитый,1
215,сбитый,взбитый,1
216,взвесить,свесить,1
217,свесить,взвесить,1
218,вздрогнуть,дрогнуть,1
219,дрогнуть,вздрогнуть,1
220,взрослеть,взрослить,1
221,взрослить,взрослеть,1
222,взрыть,врыть,1
223,врыть,взрыть,1
224,взыскательный,изысканный,1
225,изысканный,взыскательный,1
226,видение,видение,1
227,видение,видение,1
228,виноватый,виновный,1
229,виновный,виноватый,1
230,вклад,вложение,1
231,вложение,вклад,1
232,владеть,обладать,1
233,обладать,владеть,1
234,вначале,изначально,1
235,изначально,вначале,1
236,внеклассный,внеклассовый,1
237,внеклассовый,внеклассный,1
238,водный,водяной,1
239,водяной,водный,1
240,воедино,заодно,1
241,заодно,воедино,1
242,военный,воинский,1
243,воинский,военный,1
244,вожделенный,вожделеющий,1
245,вожделеющий,вожделенный,1
246,возбуждать,побуждать,1
247,побуждать,возбуждать,1
248,возлагать,налагать,1
249,налагать,возлагать,1
250,возмутительный,возмущённый,1
251,возмущённый,возмутительный,1
252,возраст,рост,1
253,рост,возраст,1
254,воинственный,воинствующий,1
255,воинствующий,воинственный,1
256,войти,взойти,1
257,взойти,войти,1
258,волнующий,волнительный,1
259,волнительный,волнующий,1
260,волосатый,волосистый,1
261,волосистый,волосатый,1
262,вольный,произвольный,1
263,произвольный,вольный,1
264,вороний,вороновый,1
265,вороновый,вороний,1
266,воскресать,воскрешать,1
267,воскрешать,воскресать,1
268,воскресение,воскресенье,1
269,воскресенье,воскресение,1
270,воспитательный,воспитательский,1
271,воспитательский,воспитательный,1
272,восполнить,заполнить,1
273,заполнить,восполнить,1
274,восприемник,преемник,1
275,преемник,восприемник,1
276,восход,всход,1
277,всход,восход,1
278,впрыгнуть,вспрыгнуть,1
279,вспрыгнуть,впрыгнуть,1
280,враждебный,вражеский,1
281,вражеский,враждебный,1
282,временник,временщик,1
283,временщик,временник,1
284,временной,временный,1
285,временный,временной,1
286,вскрытие,раскрытие,1
287,раскрытие,вскрытие,1
288,вспоминать,поминать,1
289,поминать,вспоминать,1
290,вспыльчивость,пылкость,1
291,пылкость,вспыльчивость,1
292,встать,стать,1
293,стать,встать,1
294,встряхнуть,тряхнуть,1
295,тряхнуть,встряхнуть,1
296,вступить,поступить,1
297,поступить,вступить,1
298,всякий,всяческий,1
299,всяческий,всякий,1
300,выбор,подбор,1
301,подбор,выбор,1
302,выборный,выборочный,1
303,выборочный,выборный,1
304,вывёртываться,увёртываться,1
305,увёртываться,вывёртываться,1
306,выгода,выгодность,1
307,выгодность,выгода,1
308,выдача,подача,1
309,подача,выдача,1
310,выдержать,сдержать,1
311,сдержать,выдержать,1
312,выжидательный,выжидающий,1
313,выжидающий,выжидательный,1
314,вымысел,измышление,1
315,измышление,вымысел,1
316,выписать,подписать,1
317,подписать,выписать,1
318,выплатить,заплатить,1
319,заплатить,выплатить,1
320,вырастить,нарастить,1
321,нарастить,вырастить,1
322,высветить,высветлить,1
323,высветлить,высветить,1
324,высокий,высотный,1
325,высотный,высокий,1
326,высший,вышний,1
327,вышний,высший,1
328,выучить,изучить,1
329,изучить,выучить,1
330,вязаться,связываться,1
331,связываться,вязаться,1
332,гагарий,гагаровый,1
333,гагаровый,гагарий,1
334,гадальный,гадательный,1
335,гадательный,гадальный,1
336,газовик,газовщик,1
337,газовщик,газовик,1
338,гарант,гарантия,1
339,гарантия,гарант,1
340,гарантийный,гарантированный,1
341,гарантированный,гарантийный,1
342,гармонический,гармоничный,1
343,гармоничный,гармонический,1
344,гармония,дисгармония,1
345,дисгармония,гармония,1
346,гашенный,гашёный,1
347,гашёный,гашенный,1
348,генеральный,генеральский,1
349,генеральский,генеральный,1
350,героизм,героика,1
351,героика,героизм,1
352,героический,геройский,1
353,геройский,героический,1
354,гигиенический,гигиеничный,1
355,гигиеничный,гигиенический,1
356,гидрант,гидрат,1
357,гидрат,гидрант,1
358,главный,заглавный,1
359,заглавный,главный,1
360,гласность,огласка,1
361,огласка,гласность,1
362,глинистый,глиняный,1
363,глиняный,глинистый,1
364,глубинный,глубокий,1
365,глубокий,глубинный,1
366,глупеть,глупить,1
367,глупить,глупеть,1
368,гневливый,гневный,1
369,гневный,гневливый,1
370,гнездо,гнездовье,1
371,гнездовье,гнездо,1
372,гнилой,гнилостный,1
373,гнилостный,гнилой,1
374,гнуткий,гнутый,1
375,гнутый,гнуткий,1
376,годовалый,годовой,1
377,годовой,годовалый,1
378,головашки,головешки,1
379,головешки,головашки,1
380,гоночный,гончий,1
381,гончий,гоночный,1
382,гончарный,гончарский,1
383,гончарский,гончарный,1
384,горделивый,гордый,1
385,гордый,горделивый,1
386,гордыня,гордость,1
387,гордость,гордыня,1
388,горло,горловина,1
389,горловина,горло,1
390,горний,горный,1
391,горный,горний,1
392,городничий,городовой,1
393,городовой,городничий,1
394,горючий,горячий,1
395,горячий,горючий,1
396,господний,господский,1
397,господский,господний,1
398,гостиничный,гостинный,1
399,гостинный,гостиничный,1
400,гражданский,гражданственный,1
401,гражданственный,гражданский,1
402,грамматический,грамматичный,1
403,грамматичный,грамматический,1
404,графический,графичный,1
405,графичный,графический,1
406,грецкий,греческий,1
407,греческий,грецкий,1
408,грибное,грибковое,1
409,грибковое,грибное,1
410,грозный,грозовой,1
411,грозовой,грозный,1
412,громкий,громовой,1
413,громовой,громкий,1
414,грубеть,грубить,1
415,грубить,грубеть,1
416,группа,группировка,1
417,группировка,группа,1
418,гуманизм,гуманность,1
419,гуманность,гуманизм,1
420,гуманный,гуманистический,1
421,гуманистический,гуманный,1
422,гусачий,гусячий,1
423,гусячий,гусачий,1
424,густеть,густить,1
425,густить,густеть,1
426,дар,дарственная,1
427,дарственная,дар,1
428,дарёный,даровой,1
429,даровой,дарёный,1
430,дармоедный,дармоедский,1
431,дармоедский,дармоедный,1
432,двигатель,движитель,1
433,движитель,двигатель,1
434,двинуть,сдвинуть,1
435,сдвинуть,двинуть,1
436,двоичный,двойной,1
437,двойной,двоичный,1
438,двойняшки,двояшки,1
439,двояшки,двойняшки,1
440,двойственный,двоякий,1
441,двоякий,двойственный,1
442,дворовый,придворный,1
443,придворный,дворовый,1
444,двуручный,двурушный,1
445,двурушный,двуручный,1
446,дегенерация,регенерация,1
447,регенерация,дегенерация,1
448,дедовский,дедушкин,1
449,дедушкин,дедовский,1
450,действенный,действительный,1
451,действительный,действенный,1
452,действие,действо,1
453,действо,действие,1
454,деквалификация,дисквалификация,1
455,дисквалификация,деквалификация,1
456,декларативный,декларационный,1
457,декларационный,декларативный,1
458,декоративный,декорационный,1
459,декорационный,декоративный,1
460,деловитый,деловой,1
461,деловой,деловитый,1
462,дельный,деляческий,1
463,деляческий,дельный,1
464,дельфиний,дельфиновый,1
465,дельфиновый,дельфиний,1
466,демобилизировать,мобилизировать,1
467,мобилизировать,демобилизировать,1
468,демократический,демократичный,1
469,демократичный,демократический,1
470,демократичность,демократия,1
471,демократия,демократичность,1
472,демонстративный,демонстрационный,1
473,демонстрационный,демонстративный,1
474,демонтаж,монтаж,1
475,монтаж,демонтаж,1
476,депрессия,репрессия,1
477,репрессия,депрессия,1
478,держать,содержать,1
479,содержать,держать,1
480,дерзать,дерзить,1
481,дерзить,дерзать,1
482,деспотизм,деспотия,1
483,деспотия,деспотизм,1
484,деспотический,деспотичный,1
485,деспотичный,деспотический,1
486,дефектный,дефективный,1
487,дефективный,дефектный,1
488,диалект,диалектизм,1
489,диалектизм,диалект,1
490,дивизион,дивизия,1
491,дивизия,дивизион,1
492,дидактический,дидактичный,1
493,дидактичный,дидактический,1
494,диктант,диктат,1
495,диктат,диктант,1
496,динамизм,динамика,1
497,динамика,динамизм,1
498,динамический,динамичный,1
499,динамичный,динамический,1
500,дипломант,дипломат,1
501,дипломат,дипломант,1
502,дипломатика,дипломатия,1
503,дипломатия,дипломатика,1
504,дипломатический,дипломатичный,1
505,дипломатичный,дипломатический,1
506,дифференциальный,дифференцированный,1
507,дифференцированный,дифференциальный,1
508,длинный,длительный,1
509,длительный,длинный,1
510,днище,дно,1
511,дно,днище,1
512,добавить,прибавить,1
513,прибавить,добавить,1
514,добавка,надбавка,1
515,надбавка,добавка,1
516,добровольный,добровольческий,1
517,добровольческий,добровольный,1
518,добрый,добротный,1
519,добротный,добрый,1
520,добычливый,добычный,1
521,добычный,добычливый,1
522,доверие,доверительность,1
523,доверительность,доверие,1
524,доверчивый,доверительный,1
525,доверительный,доверчивый,1
526,довольствие,довольство,1
527,довольство,довольствие,1
528,догматический,догматичный,1
529,догматичный,догматический,1
530,дождевой,дождливый,1
531,дождливый,дождевой,1
532,докучливо,докучно,1
533,докучно,докучливо,1
534,докучливый,докучный,1
535,докучный,докучливый,1
536,доминантный,доминантовый,1
537,доминантовый,доминантный,1
538,домовой,домовый,1
539,домовый,домовой,1
540,домоправление,домоуправление,1
541,домоуправление,домоправление,1
542,допуск,допущение,1
543,допущение,допуск,1
544,досадливо,досадно,1
545,досадно,досадливо,1
546,досадливый,досадный,1
547,досадный,досадливый,1
548,достигать,настигать,1
549,настигать,достигать,1
550,достоинство,достояние,1
551,достояние,достоинство,1
552,достойно,пристойно,1
553,пристойно,достойно,1
554,доходить,заходить,1
555,заходить,доходить,1
556,доходный,доходчивый,1
557,доходчивый,доходный,1
558,драматический,драматичный,1
559,драматичный,драматический,1
560,дружеский,дружественный,1
561,дружественный,дружеский,1
562,дудочный,дудчатый,1
563,дудчатый,дудочный,1
564,дуреть,дурить,1
565,дурить,дуреть,1
566,духовность,душевность,1
567,душевность,духовность,1
568,духовный,духовой,1
569,духовой,духовный,1
570,дыбом,на дыбы,1
571,на дыбы,дыбом,1
572,дымный,дымовой,1
573,дымовой,дымный,1
574,единичный,одиночный,1
575,одиночный,единичный,1
576,единоверный,единоверческий,1
577,единоверческий,единоверный,1
578,единовременный,одновременный,1
579,одновременный,единовременный,1
580,единообразие,однообразие,1
581,однообразие,единообразие,1
582,единственный,единый,1
583,единый,единственный,1
584,естественность,естество,1
585,естество,естественность,1
586,жабий,жабный,1
587,жабный,жабий,1
588,жавороночий,жавороночный,1
589,жавороночный,жавороночий,1
590,жалостливо,жалостно,1
591,жалостно,жалостливо,1
592,жалостливый,жалостный,1
593,жалостный,жалостливый,1
594,желанный,желательный,1
595,желательный,желанный,1
596,желтеть,желтить,1
597,желтить,желтеть,1
598,женский,женственный,1
599,женственный,женский,1
600,жестокий,жёсткий,1
601,жёсткий,жестокий,1
602,живой,животный,1
603,животный,живой,1
604,живучий,живительный,1
605,живительный,живучий,1
606,жизненный,житейский,1
607,житейский,жизненный,1
608,жилой,жилищный,1
609,жилищный,жилой,1
610,заблудиться,заблуждаться,1
611,заблуждаться,заблудиться,1
612,заботливый,заботный,1
613,заботный,заботливый,1
614,завидливый,завидный,1
615,завидный,завидливый,1
616,заводной,заводской,1
617,заводской,заводной,1
618,завоевательный,завоевательский,1
619,завоевательский,завоевательный,1
620,заживать,заживлять,1
621,заживлять,заживать,1
622,законодательный,законодательский,1
623,законодательский,законодательный,1
624,запасливый,запасный,1
625,запасный,запасливый,1
626,заразный,заразительный,1
627,заразительный,заразный,1
628,затруднённый,затруднительный,1
629,затруднительный,затруднённый,1
630,зачинатель,зачинщик,1
631,зачинщик,зачинатель,1
632,защитный,защитительный,1
633,защитительный,защитный,1
634,звериный,зверский,1
635,зверский,звериный,1
636,звучный,звуковой,1
637,звуковой,звучный,1
638,здравица,здравница,1
639,здравница,здравица,1
640,зеленеть,зеленить,1
641,зеленить,зеленеть,1
642,земляной,земной,1
643,земной,земляной,1
644,зернистый,зерновой,1
645,зерновой,зернистый,1
646,зимовник,зимовщик,1
647,зимовщик,зимовник,1
648,зло,злостно,1
649,злостно,зло,1
650,злобный,зловещий,1
651,зловещий,злобный,1
652,злой,злостный,1
653,злостный,злой,1
654,знамя,знамение,1
655,знамение,знамя,1
656,золотеть,золотить,1
657,золотить,золотеть,1
658,зрительный,зрительский,1
659,зрительский,зрительный,1
660,зубастый,зубатый,1
661,зубатый,зубастый,1
662,зубной,зубовой,1
663,зубовой,зубной,1
664,зубы,зубья,1
665,зубья,зубы,1
666,иголочный,игольчатый,1
667,игольчатый,иголочный,1
668,игральный,игорный,1
669,игорный,игральный,1
670,игривый,игристый,1
671,игристый,игривый,1
672,идеалистистический,идеалистичный,1
673,идеалистичный,идеалистистический,1
674,идиотический,идиотичный,1
675,идиотичный,идиотический,1
676,иждивенство,иждивенчество,1
677,иждивенчество,иждивенство,1
678,избирательный,избирательский,1
679,избирательский,избирательный,1
680,изнашиваемость,изношенность,1
681,изношенность,изнашиваемость,1
682,изобретательный,изобретательский,1
683,изобретательский,изобретательный,1
684,изуверный,изверуский,1
685,изверуский,изуверный,1
686,изыскательный,изыскательский,1
687,изыскательский,изыскательный,1
688,именной,именитый,1
689,именитый,именной,1
690,индейский,индийский,1
691,индийский,индейский,1
692,инженерный,инженерский,1
693,инженерский,инженерный,1
694,инновация,новация,1
695,новация,инновация,1
696,иноверный,иноверческий,1
697,иноверческий,иноверный,1
698,инородный,инородческий,1
699,инородческий,инородный,1
700,интеллигентный,интеллигентский,1
701,интеллигентский,интеллигентный,1
702,интранет,интернет,1
703,интернет,интранет,1
704,информативный,информационный,1
705,информационный,информативный,1
706,информация,информированность,1
707,информированность,информация,1
708,иронический,ироничный,1
709,ироничный,иронический,1
710,искательный,искательский,1
711,искательский,искательный,1
712,искусно,искусственно,1
713,искусственно,искусно,1
714,искусный,искусственный,1
715,искусственный,искусный,1
716,исполнительный,исполнительский,1
717,исполнительский,исполнительный,1
718,испытательный,испытательский,1
719,испытательский,испытательный,1
720,истерический,истеричный,1
721,истеричный,истерический,1
722,исток,источник,1
723,источник,исток,1
724,исторический,историчный,1
725,историчный,исторический,1
726,истребительный,истребительский,1
727,истребительский,истребительный,1
728,иструхляветь,иструхлявить,1
729,иструхлявить,иструхляветь,1
730,исходный,исходящий,1
731,исходящий,исходный,1
732,кабинетный,кабинетский,1
733,кабинетский,кабинетный,1
734,каменистый,каменный,1
735,каменный,каменистый,1
736,камчатный,Камчатский,1
737,Камчатский,камчатный,1
738,каннибал,Ганнибал,1
739,Ганнибал,каннибал,1
740,кардинальный,кардинальский,1
741,кардинальский,кардинальный,1
742,квадрант,квадрат,1
743,квадрат,квадрант,1
744,керосинный,керосиновый,1
745,керосиновый,керосинный,1
746,классный,классовый,1
747,классовый,классный,1
748,клёв,клюв,1
749,клюв,клёв,1
750,клеёночный,клеёнчатый,1
751,клеёнчатый,клеёночный,1
752,клеточный,клетчатый,1
753,клетчатый,клеточный,1
754,ковкий,ковочный,1
755,ковочный,ковкий,1
756,кожаный,кожный,1
757,кожный,кожаный,1
758,кокетка,кокотка,1
759,кокотка,кокетка,1
760,коллекторный,коллекторский,1
761,коллекторский,коллекторный,1
762,командированный,командировочный,1
763,командировочный,командированный,1
764,комитент,комитет,1
765,комитет,комитент,1
766,комический,комичный,1
767,комичный,комический,1
768,комфортный,комфортабельный,1
769,комфортабельный,комфортный,1
770,кондукторный,кондукторский,1
771,кондукторский,кондукторный,1
772,конный,конский,1
773,конский,конный,1
774,конфузливо,конфузно,1
775,конфузно,конфузливо,1
776,конфузливый,конфузный,1
777,конфузный,конфузливый,1
778,концепция,концепт,1
779,концепт,концепция,1
780,конъюнктура,конъектура,1
781,конъектура,конъюнктура,1
782,коптеть,коптить,1
783,коптить,коптеть,1
784,коренной,корневой,1
785,корневой,коренной,1
786,коричневый,коричный,1
787,коричный,коричневый,1
788,кормилица,кормильщица,1
789,кормильщица,кормилица,1
790,костный,костяной,1
791,костяной,костный,1
792,красочный,крашеный,1
793,крашеный,красочный,1
794,крестный,крёстный,1
795,крёстный,крестный,1
796,критический,критичный,1
797,критичный,критический,1
798,крокодилий,крокодиловый,1
799,крокодиловый,крокодилий,1
800,крючкотворный,крючкотворский,1
801,крючкотворский,крючкотворный,1
802,кулацкий,кулачный,1
803,кулачный,кулацкий,1
804,купальник,купальщик,1
805,купальщик,купальник,1
806,лавочнический,лавочный,1
807,лавочный,лавочнический,1
808,лакированный,лакировочный,1
809,лакировочный,лакированный,1
810,легальный,легитимный,1
811,легитимный,легальный,1
812,леденеть,леденить,1
813,леденить,леденеть,1
814,ледовый,ледяной,1
815,ледяной,ледовый,1
816,лесной,лесистый,1
817,лесистый,лесной,1
818,летальный,летательный,1
819,летательный,летальный,1
820,лирик,лирник,1
821,лирник,лирик,1
822,лирический,лиричный,1
823,лиричный,лирический,1
824,личный,личностный,1
825,личностный,личный,1
826,лобный,лобовой,1
827,лобовой,лобный,1
828,ловкий,ловчий,1
829,ловчий,ловкий,1
830,логический,логичный,1
831,логичный,логический,1
832,ломать,ломить,1
833,ломить,ломать,1
834,луковичный,луковый,1
835,луковый,луковичный,1
836,малахитный,малахитовый,1
837,малахитовый,малахитный,1
838,малопонятливый,малопонятный,1
839,малопонятный,малопонятливый,1
840,малоудачливый,малоудачный,1
841,малоудачный,малоудачливый,1
842,масленый,масличный,1
843,масличный,масленый,1
844,маслянистый,масляный,1
845,масляный,маслянистый,1
846,мастистый,маститый,1
847,маститый,мастистый,1
848,меланхолический,меланхоличный,1
849,меланхоличный,меланхолический,1
850,мелкотравный,мелкотравчатый,1
851,мелкотравчатый,мелкотравный,1
852,мелодика,мелодия,1
853,мелодия,мелодика,1
854,мелодический,мелодичный,1
855,мелодичный,мелодический,1
856,мелодраматический,мелодраматичный,1
857,мелодраматичный,мелодраматический,1
858,мельничий,мельничный,1
859,мельничный,мельничий,1
860,метафизический,метафизичный,1
861,метафизичный,метафизический,1
862,метод,методика,1
863,методика,метод,1
864,методистский,методический,1
865,методический,методистский,1
866,мечтательный,мечтательский,1
867,мечтательский,мечтательный,1
868,микроскопический,микроскопичный,1
869,микроскопичный,микроскопический,1
870,мистический,мистичный,1
871,мистичный,мистический,1
872,мифический,мифичный,1
873,мифичный,мифический,1
874,могильник,могильщик,1
875,могильщик,могильник,1
876,могучий,могущественный,1
877,могущественный,могучий,1
878,молодеть,молодить,1
879,молодить,молодеть,1
880,монистический,монистичный,1
881,монистичный,монистический,1
882,мороженый,морозный,1
883,морозный,мороженый,1
884,мудреть,мудрить,1
885,мудрить,мудреть,1
886,мужицкий,мужичий,1
887,мужичий,мужицкий,1
888,мучительный,мучительский,1
889,мучительский,мучительный,1
890,наблюдательный,наблюдательский,1
891,наблюдательский,наблюдательный,1
892,надувательный,надувательский,1
893,надувательский,надувательный,1
894,наёмничий,наёмный,1
895,наёмный,наёмничий,1
896,накрапливать,накрапывать,1
897,накрапывать,накрапливать,1
898,наличие,наличность,1
899,наличность,наличие,1
900,наполнить,пополнить,1
901,пополнить,наполнить,1
902,напоминание,упоминание,1
903,упоминание,напоминание,1
904,насильно,насильственно,1
905,насильственно,насильно,1
906,наследие,наследство,1
907,наследство,наследие,1
908,наследный,наследственный,1
909,наследственный,наследный,1
910,настоятельный,настоятельский,1
911,настоятельский,настоятельный,1
912,натуралистический,натуралистичный,1
913,натуралистичный,натуралистический,1
914,нафталан,нафталин,1
915,нафталин,нафталан,1
916,начертать,начертить,1
917,начертить,начертать,1
918,невежа,невежда,1
919,невежда,невежа,1
920,невинный,невиновный,1
921,невиновный,невинный,1
922,неврастенический,неврастеничный,1
923,неврастеничный,неврастенический,1
924,незаметливый,незаметный,1
925,незаметный,незаметливый,1
926,неизмеримый,несоизмеримый,1
927,несоизмеримый,неизмеримый,1
928,ненавистнический,ненавистный,1
929,ненавистный,ненавистнический,1
930,ненаглядный,неоглядный,1
931,неоглядный,ненаглядный,1
932,неорганический,неорганичный,1
933,неорганичный,неорганический,1
934,непонятливо,непонятно,1
935,непонятно,непонятливо,1
936,непонятливый,непонятный,1
937,непонятный,непонятливый,1
938,неприглядный,непроглядный,1
939,непроглядный,неприглядный,1
940,неприметливый,неприметный,1
941,неприметный,неприметливый,1
942,непроницаемый,непроницательный,1
943,непроницательный,непроницаемый,1
944,нестерпимо,нетерпимо,1
945,нетерпимо,нестерпимо,1
946,нестерпимый,нетерпимый,1
947,нетерпимый,нестерпимый,1
948,неудачливый,неудачный,1
949,неудачный,неудачливый,1
950,ниточный,нитчатый,1
951,нитчатый,ниточный,1
952,ныне,нынче,1
953,нынче,ныне,1
954,обвинительный,обвинительский,1
955,обвинительский,обвинительный,1
956,обвязать,обязать,1
957,обязать,обвязать,1
958,обделить,оделить,1
959,оделить,обделить,1
960,обеднеть,обеднить,1
961,обеднить,обеднеть,1
962,обезводеть,обезводить,1
963,обезводить,обезводеть,1
964,обезглаветь,обезглавить,1
965,обезглавить,обезглаветь,1
966,обезденежеть,обезденежить,1
967,обезденежить,обезденежеть,1
968,обездушеть,обездушить,1
969,обездушить,обездушеть,1
970,обезземелеть,обезземелить,1
971,обезземелить,обезземелеть,1
972,обезлошадеть,обезлошадить,1
973,обезлошадить,обезлошадеть,1
974,обезлюдеть,обезлюдить,1
975,обезлюдить,обезлюдеть,1
976,обезножеть,обезножить,1
977,обезножить,обезножеть,1
978,обезрыбеть,обезрыбить,1
979,обезрыбить,обезрыбеть,1
980,обесплодеть,обесплодить,1
981,обесплодить,обесплодеть,1
982,обессилеть,обессилить,1
983,обессилить,обессилеть,1
984,обжорливый,обжорный,1
985,обжорный,обжорливый,1
986,обзолотить,озолотить,1
987,озолотить,обзолотить,1
988,обидный,обидчивый,1
989,обидчивый,обидный,1
990,обличительный,обличительский,1
991,обличительский,обличительный,1
992,обогреть,огреть,1
993,огреть,обогреть,1
994,оболванеть,оболванить,1
995,оболванить,оболванеть,1
996,оборотливый,оборотный,1
997,оборотный,оборотливый,1
998,обоснование,основание,1
999,основание,обоснование,1
1000,обрывочный,обрывчатый,1
1001,обрывчатый,обрывочный,1
1002,обстоятельный,обстоятельственный,1
1003,обстоятельственный,обстоятельный,1
1004,обсудить,осудить,1
1005,осудить,обсудить,1
1006,обхватить,охватить,1
1007,охватить,обхватить,1
1008,овчарка,овчарня,1
1009,овчарня,овчарка,1
1010,оглупеть,оглупить,1
1011,оглупить,оглупеть,1
1012,оговорка,отговорка,1
1013,отговорка,оговорка,1
1014,огородить,оградить,1
1015,оградить,огородить,1
1016,ограничение,ограниченность,1
1017,ограниченность,ограничение,1
1018,огрызаться,отгрызаться,1
1019,отгрызаться,огрызаться,1
1020,одеть,надеть,1
1021,надеть,одеть,1
1022,одинокий,одиночный,1
1023,одиночный,одинокий,1
1024,однокоренной,однокорневой,1
1025,однокорневой,однокоренной,1
1026,однорукий,одноручный,1
1027,одноручный,однорукий,1
1028,одышка,отдышка,1
1029,отдышка,одышка,1
1030,оживать,оживлять,1
1031,оживлять,оживать,1
1032,озлеть,озлить,1
1033,озлить,озлеть,1
1034,озолотеть,озолотить,1
1035,озолотить,озолотеть,1
1036,окаменеть,окаменить,1
1037,окаменить,окаменеть,1
1038,оклик,отклик,1
1039,отклик,оклик,1
1040,опаршиветь,опаршивить,1
1041,опаршивить,опаршиветь,1
1042,опасливо,опасно,1
1043,опасно,опасливо,1
1044,опасливый,опасный,1
1045,опасный,опасливый,1
1046,опечатать,отпечатать,1
1047,отпечатать,опечатать,1
1048,опечатки,отпечатки,1
1049,отпечатки,опечатки,1
1050,описка,отписка,1
1051,отписка,описка,1
1052,оплатить,отплатить,1
1053,отплатить,оплатить,1
1054,оппортунистический,оппортунистичный,1
1055,оппортунистичный,оппортунистический,1
1056,опытнический,опытный,1
1057,опытный,опытнический,1
1058,органический,органичный,1
1059,органичный,органический,1
1060,ординарный,ординарческий,1
1061,ординарческий,ординарный,1
1062,орлёный,орлиный,1
1063,орлиный,орлёный,1
1064,осветитель,осветлитель,1
1065,осветлитель,осветитель,1
1066,осветить,осветлить,1
1067,осветлить,осветить,1
1068,осиротеть,осиротить,1
1069,осиротить,осиротеть,1
1070,особенный,особый,1
1071,особый,особенный,1
1072,останки,остатки,1
1073,остатки,останки,1
1074,остеклеть,остеклить,1
1075,остеклить,остеклеть,1
1076,остепенеть,остепенить,1
1077,остепенить,остепенеть,1
1078,остервенеть,остервенить,1
1079,остервенить,остервенеть,1
1080,осуждение,обсуждение,1
1081,обсуждение,осуждение,1
1082,отбойник,отбойщик,1
1083,отбойщик,отбойник,1
1084,отборник,отборщик,1
1085,отборщик,отборник,1
1086,отборный,отборочный,1
1087,отборочный,отборный,1
1088,ответный,ответственный,1
1089,ответственный,ответный,1
1090,отдельный,отдельский,1
1091,отдельский,отдельный,1
1092,отирать,оттирать,1
1093,оттирать,отирать,1
1094,отмета,отметка,1
1095,отметка,отмета,1
1096,отречение,отрешение,1
1097,отрешение,отречение,1
1098,отрывок,обрывок,1
1099,обрывок,отрывок,1
1100,отряхнуть,стряхнуть,1
1101,стряхнуть,отряхнуть,1
1102,отходный,отходчивый,1
1103,отходчивый,отходный,1
1104,отчётливый,отчётный,1
1105,отчётный,отчётливый,1
1106,оформительный,оформительский,1
1107,оформительский,оформительный,1
1108,охладеть,охладить,1
1109,охладить,охладеть,1
1110,охотливо,охотно,1
1111,охотно,охотливо,1
1112,оцепенеть,оцепенить,1
1113,оцепенить,оцепенеть,1
1114,ошеек,ошейник,1
1115,ошейник,ошеек,1
1116,пакостливый,пакостный,1
1117,пакостный,пакостливый,1
1118,палатный,палаточный,1
1119,палаточный,палатный,1
1120,памятливый,памятный,1
1121,памятный,памятливый,1
1122,пансионер,пенсионер,1
1123,пенсионер,пансионер,1
1124,парламентский,парламентёрский,1
1125,парламентёрский,парламентский,1
1126,пастушеский,пастуший,1
1127,пастуший,пастушеский,1
1128,пастушок,пастушонок,1
1129,пастушонок,пастушок,1
1130,патриотический,патриотичный,1
1131,патриотичный,патриотический,1
1132,певческий,певчий,1
1133,певчий,певческий,1
1134,педагогический,педагогичный,1
1135,педагогичный,педагогический,1
1136,пергаменный,пергаментный,1
1137,пергаментный,пергаменный,1
1138,перегородочный,перегородчатый,1
1139,перегородчатый,перегородочный,1
1140,переливочный,переливчатый,1
1141,переливчатый,переливочный,1
1142,перепоночный,перепончатый,1
1143,перепончатый,перепоночный,1
1144,переродиться,переродниться,1
1145,переродниться,переродиться,1
1146,пионерный,пионерский,1
1147,пионерский,пионерный,1
1148,плавки,плавни,1
1149,плавни,плавки,1
1150,пластиночный,пластинчатый,1
1151,пластинчатый,пластиночный,1
1152,пластический,пластичный,1
1153,пластичный,пластический,1
1154,поверка,проверка,1
1155,проверка,поверка,1
1156,повиниться,провиниться,1
1157,провиниться,повиниться,1
1158,поворотливый,поворотный,1
1159,поворотный,поворотливый,1
1160,поглотить,проглотить,1
1161,проглотить,поглотить,1
1162,подбородник,подбородок,1
1163,подбородок,подбородник,1
1164,подвижнический,подвижный,1
1165,подвижный,подвижнический,1
1166,подголовник,подголовок,1
1167,подголовок,подголовник,1
1168,подживать,подживлять,1
1169,подживлять,подживать,1
1170,подпятник,подпяточник,1
1171,подпяточник,подпятник,1
1172,подрядный,подрядческий,1
1173,подрядческий,подрядный,1
1174,подстричь,постричь,1
1175,постричь,подстричь,1
1176,подхалимный,подхалимский,1
1177,подхалимский,подхалимный,1
1178,поедем,поедим,1
1179,поедим,поедем,1
1180,поиски,происки,1
1181,происки,поиски,1
1182,покорливый,покорный,1
1183,покорный,покорливый,1
1184,покупательный,покупательский,1
1185,покупательский,покупательный,1
1186,полемический,полемичный,1
1187,полемичный,полемический,1
1188,полированный,полировочный,1
1189,полировочный,полированный,1
1190,полис,полюс,1
1191,полюс,полис,1
1192,политический,политичный,1
1193,политичный,политический,1
1194,полнеть,полнить,1
1195,полнить,полнеть,1
1196,помета,пометка,1
1197,пометка,помета,1
1198,понедельничный,понедельный,1
1199,понедельный,понедельничный,1
1200,понятливый,понятный,1
1201,понятный,понятливый,1
1202,популярный,популистский,1
1203,популистский,популярный,1
1204,порвать,прервать,1
1205,прервать,порвать,1
1206,породить,породнить,1
1207,породнить,породить,1
1208,порумянеть,порумянить,1
1209,порумянить,порумянеть,1
1210,поручительный,поручительский,1
1211,поручительский,поручительный,1
1212,посёлок,просёлок,1
1213,просёлок,посёлок,1
1214,последовать,проследовать,1
1215,проследовать,последовать,1
1216,поспешливый,поспешный,1
1217,поспешный,поспешливый,1
1218,постель,пастель,1
1219,пастель,постель,1
1220,поступок,проступок,1
1221,проступок,поступок,1
1222,потёки,потоки,1
1223,потоки,потёки,1
1224,потребительный,потребительский,1
1225,потребительский,потребительный,1
1226,почтенный,почтительный,1
1227,почтительный,почтенный,1
1228,поэтический,поэтичный,1
1229,поэтичный,поэтический,1
1230,правительский,правительственный,1
1231,правительственный,правительский,1
1232,праздничный,праздный,1
1233,праздный,праздничный,1
1234,практический,практичный,1
1235,практичный,практический,1
1236,предоставить,представить,1
1237,представить,предоставить,1
1238,предоставление,представление,1
1239,представление,предоставление,1
1240,представительный,представительский,1
1241,представительский,представительный,1
1242,представиться,преставиться,1
1243,преставиться,представиться,1
1244,премьерный,премьерский,1
1245,премьерский,премьерный,1
1246,преобразовательный,преобразовательский,1
1247,преобразовательский,преобразовательный,1
1248,претерпеть,перетерпеть,1
1249,перетерпеть,претерпеть,1
1250,приветный,приветственный,1
1251,приветственный,приветный,1
1252,приглядливый,приглядный,1
1253,приглядный,приглядливый,1
1254,признанный,признательный,1
1255,признательный,признанный,1
1256,приметать,примотать,1
1257,примотать,приметать,1
1258,приметливый,приметный,1
1259,приметный,приметливый,1
1260,приобретательный,приобретательский,1
1261,приобретательский,приобретательный,1
1262,притягательный,притязательный,1
1263,притязательный,притягательный,1
1264,приютный,приютский,1
1265,приютский,приютный,1
1266,проблемный,проблематичный,1
1267,проблематичный,проблемный,1
1268,проделка,подделка,1
1269,подделка,проделка,1
1270,продуктивный,продуктовый,1
1271,продуктовый,продуктивный,1
1272,прожигательный,прожигательский,1
1273,прожигательский,прожигательный,1
1274,прозаический,прозаичный,1
1275,прозаичный,прозаический,1
1276,производный,производственный,1
1277,производственный,производный,1
1278,производство,производительность,1
1279,производительность,производство,1
1280,произнесение,произношение,1
1281,произношение,произнесение,1
1282,пропавший,пропащий,1
1283,пропащий,пропавший,1
1284,проповеднический,проповедничий,1
1285,проповедничий,проповеднический,1
1286,пророческий,пророчественный,1
1287,пророчественный,пророческий,1
1288,просветительный,просветительский,1
1289,просветительский,просветительный,1
1290,просительный,просительский,1
1291,просительский,просительный,1
1292,простак,простец,1
1293,простец,простак,1
1294,простацкий,простецкий,1
1295,простецкий,простацкий,1
1296,простудливый,простудный,1
1297,простудный,простудливый,1
1298,протрезветь,протрезвить,1
1299,протрезвить,протрезветь,1
1300,псарный,псарский,1
1301,псарский,псарный,1
1302,психологический,психологичный,1
1303,психологичный,психологический,1
1304,публицистический,публицистичный,1
1305,публицистичный,публицистический,1
1306,пугливый,пуганый,1
1307,пуганый,пугливый,1
1308,пьянеть,пьянить,1
1309,пьянить,пьянеть,1
1310,работник,рабочий,1
1311,рабочий,работник,1
1312,разборочный,разборчивый,1
1313,разборчивый,разборочный,1
1314,разграничить,отграничить,1
1315,отграничить,разграничить,1
1316,раздеть,разодеть,1
1317,разодеть,раздеть,1
1318,раздражение,раздражительность,1
1319,раздражительность,раздражение,1
1320,разливочный,разливчатый,1
1321,разливчатый,разливочный,1
1322,различать,отличать,1
1323,отличать,различать,1
1324,различие,отличие,1
1325,отличие,различие,1
1326,разместить,поместить,1
1327,поместить,разместить,1
1328,разместиться,поместиться,1
1329,поместиться,разместиться,1
1330,разночинный,разночинский,1
1331,разночинский,разночинный,1
1332,разный,различный,1
1333,различный,разный,1
1334,раковый,рачий,1
1335,рачий,раковый,1
1336,раскольнический,раскольничий,1
1337,раскольничий,раскольнический,1
1338,распутица,распутница,1
1339,распутница,распутица,1
1340,расточительный,расточительский,1
1341,расточительский,расточительный,1
1342,расчётливый,расчётный,1
1343,расчётный,расчётливый,1
1344,реабилитационный,реабилитированный,1
1345,реабилитированный,реабилитационный,1
1346,реалистический,реалистичный,1
1347,реалистичный,реалистический,1
1348,ребрастый,ребристый,1
1349,ребристый,ребрастый,1
1350,ребячий,ребячливый,1
1351,ребячливый,ребячий,1
1352,редеть,редить,1
1353,редить,редеть,1
1354,ремесленнический,ремесленный,1
1355,ремесленный,ремесленнический,1
1356,решимость,решительность,1
1357,решительность,решимость,1
1358,ригористический,ригористичный,1
1359,ригористичный,ригористический,1
1360,рисковой,рисковый,1
1361,рисковый,рисковой,1
1362,рисуночный,рисунчатый,1
1363,рисунчатый,рисуночный,1
1364,ритмический,ритмичный,1
1365,ритмичный,ритмический,1
1366,рогастый,рогатый,1
1367,рогатый,рогастый,1
1368,рожать,рождать,1
1369,рождать,рожать,1
1370,романтический,романтичный,1
1371,романтичный,романтический,1
1372,русский,российский,1
1373,российский,русский,1
1374,рыбак,рыболов,1
1375,рыболов,рыбак,1
1376,рыбий,рыбный,1
1377,рыбный,рыбий,1
1378,рыболовецкий,рыболовный,1
1379,рыболовный,рыболовецкий,1
1380,садовнический,садовничий,1
1381,садовничий,садовнический,1
1382,самодурный,самодурский,1
1383,самодурский,самодурный,1
1384,сапожничий,сапожный,1
1385,сапожный,сапожничий,1
1386,сатирический,сатиричный,1
1387,сатиричный,сатирический,1
1388,сборочный,сборчатый,1
1389,сборчатый,сборочный,1
1390,светить,светлить,1
1391,светлить,светить,1
1392,сводный,сводчатый,1
1393,сводчатый,сводный,1
1394,сдвоенный,удвоенный,1
1395,удвоенный,сдвоенный,1
1396,седельный,седельчатый,1
1397,седельчатый,седельный,1
1398,сеточный,сетчатый,1
1399,сетчатый,сеточный,1
1400,симпатический,симпатичный,1
1401,симпатичный,симпатический,1
1402,симптоматический,симптоматичный,1
1403,симптоматичный,симптоматический,1
1404,синеть,синить,1
1405,синить,синеть,1
1406,системный,систематический,1
1407,систематический,системный,1
1408,скальпель,скарпель,1
1409,скарпель,скальпель,1
1410,складной,складской,1
1411,складской,складной,1
1412,склочнический,склочный,1
1413,склочный,склочнический,1
1414,скобочный,скобчатый,1
1415,скобчатый,скобочный,1
1416,скотный,скотский,1
1417,скотский,скотный,1
1418,скрытный,скрытый,1
1419,скрытый,скрытный,1
1420,сладкий,сладостный,1
1421,сладостный,сладкий,1
1422,сладко,сладостно,1
1423,сладостно,сладко,1
1424,словарный,словесный,1
1425,словесный,словарный,1
1426,сломанный,сломленный,1
1427,сломленный,сломанный,1
1428,слоновий,слоновый,1
1429,слоновый,слоновий,1
1430,сметливый,сметный,1
1431,сметный,сметливый,1
1432,снискать,сыскать,1
1433,сыскать,снискать,1
1434,собирательный,собирательский,1
1435,собирательский,собирательный,1
1436,собственнический,собственный,1
1437,собственный,собственнический,1
1438,совестливо,совестно,1
1439,совестно,совестливо,1
1440,советник,советчик,1
1441,советчик,советник,1
1442,солитер,солитёр,1
1443,солитёр,солитер,1
1444,солярный,соляровый,1
1445,соляровый,солярный,1
1446,сопротивление,сопротивляемость,1
1447,сопротивляемость,сопротивление,1
1448,соседний,соседский,1
1449,соседский,соседний,1
1450,сочинительный,сочинительский,1
1451,сочинительский,сочинительный,1
1452,спасательный,спасительный,1
1453,спасительный,спасательный,1
1454,спускной,спусковой,1
1455,спусковой,спускной,1
1456,сравнимый,сравнительный,1
1457,сравнительный,сравнимый,1
1458,сталагмит,сталактит,1
1459,сталактит,сталагмит,1
1460,старательный,старательский,1
1461,старательский,старательный,1
1462,старый,старинный,1
1463,старинный,старый,1
1464,статический,статичный,1
1465,статичный,статический,1
1466,стеклеть,стеклить,1
1467,стеклить,стеклеть,1
1468,стеклянный,стекольный,1
1469,стекольный,стеклянный,1
1470,стихотворный,стихотворческий,1
1471,стихотворческий,стихотворный,1
1472,столовский,столовый,1
1473,столовый,столовский,1
1474,столярный,столярский,1
1475,столярский,столярный,1
1476,стрелец,стрелок,1
1477,стрелок,стрелец,1
1478,стрелочный,стрелчатый,1
1479,стрелчатый,стрелочный,1
1480,строительный,строительский,1
1481,строительский,строительный,1
1482,стяжательный,стяжательский,1
1483,стяжательский,стяжательный,1
1484,существо,сущность,1
1485,сущность,существо,1
1486,схематический,схематичный,1
1487,схематичный,схематический,1
1488,схоластический,схоластичный,1
1489,схоластичный,схоластический,1
1490,сценический,сценичный,1
1491,сценичный,сценический,1
1492,съёмный,съёмочный,1
1493,съёмочный,съёмный,1
1494,сытно,сыто,1
1495,сыто,сытно,1
1496,сытный,сытый,1
1497,сытый,сытный,1
1498,тактический,тактичный,1
1499,тактичный,тактический,1
1500,талан,талант,1
1501,талант,талан,1
1502,телевизионник,телевизионщик,1
1503,телевизионщик,телевизионник,1
1504,тема,тематика,1
1505,тематика,тема,1
1506,темнеть,темнить,1
1507,темнить,темнеть,1
1508,темь,тень,1
1509,тень,темь,1
1510,теоретический,теоретичный,1
1511,теоретичный,теоретический,1
1512,термальный,термический,1
1513,термический,термальный,1
1514,терпимость,терпеливость,1
1515,терпеливость,терпимость,1
1516,тесёмочный,тесёмчатый,1
1517,тесёмчатый,тесёмочный,1
1518,технический,техничный,1
1519,техничный,технический,1
1520,технологический,технологичный,1
1521,технологичный,технологический,1
1522,типический,типичный,1
1523,типичный,типический,1
1524,токсический,токсичный,1
1525,токсичный,токсический,1
1526,толстеть,толстить,1
1527,толстить,толстеть,1
1528,травматический,травматологический,1
1529,травматологический,травматический,1
1530,трагический,трагичный,1
1531,трагичный,трагический,1
1532,трубочный,трубчатый,1
1533,трубчатый,трубочный,1
1534,тупеть,тупить,1
1535,тупить,тупеть,1
1536,тюленевый,тюлений,1
1537,тюлений,тюленевый,1
1538,тягостно,тяжко,1
1539,тяжко,тягостно,1
1540,тягостный,тяжкий,1
1541,тяжкий,тягостный,1
1542,тяготеть,тяготить,1
1543,тяготить,тяготеть,1
1544,угодливо,угодно,1
1545,угодно,угодливо,1
1546,угодливый,угодный,1
1547,угодный,угодливый,1
1548,удалой,удальской,1
1549,удальской,удалой,1
1550,удачливо,удачно,1
1551,удачно,удачливо,1
1552,удачливый,удачный,1
1553,удачный,удачливый,1
1554,узорный,узорчатый,1
1555,узорчатый,узорный,1
1556,уклонение,отклонение,1
1557,отклонение,уклонение,1
1558,уклоняться,отклоняться,1
1559,отклоняться,уклоняться,1
1560,умный,умственный,1
1561,умственный,умный,1
1562,униженный,унизительный,1
1563,унизительный,униженный,1
1564,упадочнический,упадочный,1
1565,упадочный,упадочнический,1
1566,усастый,усатый,1
1567,усатый,усастый,1
1568,усвоить,освоить,1
1569,освоить,усвоить,1
1570,учредительный,учредительский,1
1571,учредительский,учредительный,1
1572,фабрикант,фабрикат,1
1573,фабрикат,фабрикант,1
1574,фазаний,фазановый,1
1575,фазановый,фазаний,1
1576,факт,фактор,1
1577,фактор,факт,1
1578,фактический,фактичный,1
1579,фактичный,фактический,1
1580,фанатический,фанатичный,1
1581,фанатичный,фанатический,1
1582,фантазёрство,фантазирование,1
1583,фантазирование,фантазёрство,1
1584,фантастический,фантастичный,1
1585,фантастичный,фантастический,1
1586,феерический,фееричный,1
1587,фееричный,феерический,1
1588,фен,фён,1
1589,фён,фен,1
1590,фиеста,сиеста,1
1591,сиеста,фиеста,1
1592,Финно-,Финско-,1
1593,Финско-,Финно-,1
1594,фланелевый,фланельный,1
1595,фланельный,фланелевый,1
1596,флегматический,флегматичный,1
1597,флегматичный,флегматический,1
1598,формат,формант,1
1599,формант,формат,1
1600,хваткий,хватский,1
1601,хватский,хваткий,1
1602,хвостистский,хвостистый,1
1603,хвостистый,хвостистский,1
1604,хищнический,хищный,1
1605,хищный,хищнический,1
1606,хлебопашенный,хлебопашеский,1
1607,хлебопашеский,хлебопашенный,1
1608,хлеборобный,хлеборобский,1
1609,хлеборобский,хлеборобный,1
1610,хозяйский,хозяйственный,1
1611,хозяйственный,хозяйский,1
1612,холодеть,холодить,1
1613,холодить,холодеть,1
1614,холодильник,холодильщик,1
1615,холодильщик,холодильник,1
1616,холопий,холопский,1
1617,холопский,холопий,1
1618,художественный,художнический,1
1619,художнический,художественный,1
1620,царский,царственный,1
1621,царственный,царский,1
1622,цвета,цветы,1
1623,цветы,цвета,1
1624,цветастый,цветистый,1
1625,цветистый,цветастый,1
1626,цветной,цветовой,1
1627,цветовой,цветной,1
1628,целый,цельный,1
1629,цельный,целый,1
1630,центральный,централизованный,1
1631,централизованный,центральный,1
1632,цепенеть,цепенить,1
1633,цепенить,цепенеть,1
1634,церковнический,церковничий,1
1635,церковничий,церковнический,1
1636,циклический,цикличный,1
1637,цикличный,циклический,1
1638,цинический,циничный,1
1639,циничный,цинический,1
1640,чародейный,чародейский,1
1641,чародейский,чародейный,1
1642,чеканный,чеканочный,1
1643,чеканочный,чеканный,1
1644,человеческий,человечный,1
1645,человечный,человеческий,1
1646,человечий,человечный,1
1647,человечный,человечий,1
1648,черви,червы,1
1649,червы,черви,1
1650,червиветь,червить,1
1651,червить,червиветь,1
1652,черепаховый,черепаший,1
1653,черепаший,черепаховый,1
1654,черкеска,черкешенка,1
1655,черкешенка,черкеска,1
1656,чернеть,чернить,1
1657,чернить,чернеть,1
1658,черстветь,черствить,1
1659,черствить,черстветь,1
1660,четырёхрукий,четырёхручный,1
1661,четырёхручный,четырёхрукий,1
1662,чиновницкий,чиновничий,1
1663,чиновничий,чиновницкий,1
1664,чубастый,чубатый,1
1665,чубатый,чубастый,1
1666,чувственный,чувствительный,1
1667,чувствительный,чувственный,1
1668,чудацкий,чудаческий,1
1669,чудаческий,чудацкий,1
1670,чудной,чудный,1
1671,чудный,чудной,1
1672,швейцар,швейцарец,1
1673,швейцарец,швейцар,1
1674,шелковистый,шелковый,1
1675,шелковый,шелковистый,1
1676,шершаветь,шершавить,1
1677,шершавить,шершаветь,1
1678,шествовать,шефствовать,1
1679,шефствовать,шествовать,1
1680,широкий,широтный,1
1681,широтный,широкий,1
1682,школьнический,школьный,1
1683,школьный,школьнический,1
1684,шлифовальник,шлифовальщик,1
1685,шлифовальщик,шлифовальник,1
1686,шляпный,шляпочный,1
1687,шляпочный,шляпный,1
1688,шнурок,шнуровка,1
1689,шнуровка,шнурок,1
1690,штатный,штатский,1
1691,штатский,штатный,1
1692,штурмовик,штурмовщик,1
1693,штурмовщик,штурмовик,1
1694,шумный,шумовой,1
1695,шумовой,шумный,1
1696,шутливый,шуточный,1
1697,шуточный,шутливый,1
1698,экзерсисы,экзерциции,1
1699,экзерциции,экзерсисы,1
1700,экологичный,экологический,1
1701,экологический,экологичный,1
1702,экономика,экономия,1
1703,экономия,экономика,1
1704,экономический,экономичный,1
1705,экономичный,экономический,1
1706,экономный,экономский,1
1707,экономский,экономный,1
1708,экранизировать,экранировать,1
1709,экранировать,экранизировать,1
1710,экскаватор,эскалатор,1
1711,эскалатор,экскаватор,1
1712,экспонат,экспонент,1
1713,экспонент,экспонат,1
1714,элегический,элегичный,1
1715,элегичный,элегический,1
1716,элитный,элитарный,1
1717,элитарный,элитный,1
1718,энциклопедический,энциклопедичный,1
1719,энциклопедичный,энциклопедический,1
1720,эстетический,эстетичный,1
1721,эстетичный,эстетический,1
1722,эстетный,эстетский,1
1723,эстетский,эстетный,1
1724,этический,этичный,1
1725,этичный,этический,1
1726,эфемерный,эфирный,1
1727,эфирный,эфемерный,1
1728,эффективность,эффектность,1
1729,эффектность,эффективность,1
1730,эффективный,эффектный,1
1731,эффектный,эффективный,1
1732,ювелирный,ювелирский,1
1733,ювелирский,ювелирный,1
1734,юмореска,юмористка,1
1735,юмористка,юмореска,1
1736,юмористика,юмористка,1
1737,юмористка,юмористика,1
1738,юмористический,юмористичный,1
1739,юмористичный,юмористический,1
1740,юродивый,юродливый,1
1741,юродливый,юродивый,1
1742,ябедливый,ябедный,1
1743,ябедный,ябедливый,1
1744,яблочный,яблоневый,1
1745,яблоневый,яблочный,1
1746,явно,явственно,1
1747,явственно,явно,1
1748,явный,явственный,1
1749,явственный,явный,1
1750,языковой,языковый,1
1751,языковый,языковой,1
1752,яловочный,яловый,1
1753,яловый,яловочный,1
1754,яростный,ярый,1
1755,ярый,яростный,1
1756,ящер,ящур,1
1757,ящур,ящер,1
